{
	"class_name" : "PinholeCameraParameters",
	"extrinsic" : 
	[
		0.8723354916487176,
		0.47311731424378622,
		0.12325095120418603,
		0.0,
		-0.13926180580848968,
		0.48210449296373081,
		-0.86497480154461293,
		0.0,
		-0.46865439233293094,
		0.73738406873686291,
		0.48644403143642417,
		0.0,
		0.078080634892267117,
		-0.19334721516446876,
		0.48532893031584945,
		1.0
	],
	"intrinsic" : 
	{
		"height" : 1016,
		"intrinsic_matrix" : 
		[
			879.88181024498977,
			0.0,
			0.0,
			0.0,
			879.88181024498977,
			0.0,
			924.5,
			507.5,
			1.0
		],
		"width" : 1850
	},
	"version_major" : 1,
	"version_minor" : 0
}